<?xml version='1.0' encoding='UTF-8' ?>
<timeLogEntries>
  <time id="1" path="/Non Project/PSP Fundamentals &amp; Advanced/Program 1/Planning" start="@1486255923146" delta="8" />
  <time id="2" path="/Non Project/PSP Fundamentals &amp; Advanced/Program 1/Design" start="@1486256401639" delta="13" />
  <time id="3" path="/Non Project/PSP Fundamentals &amp; Advanced/Program 1/Code" start="@1486257248219" delta="32" interrupt="3" />
  <time id="4" path="/Non Project/PSP Fundamentals &amp; Advanced/Program 1/Code" start="@1486259804947" delta="13" />
  <time id="5" path="/Non Project/PSP Fundamentals &amp; Advanced/Program 1/Code" start="@1486262005813" delta="4" />
  <time id="6" path="/Non Project/PSP Fundamentals &amp; Advanced/Program 1/Code" start="@1486269488455" delta="7" />
  <time id="7" path="/Non Project/PSP Fundamentals &amp; Advanced/Program 1/Compile" start="@1486270104909" delta="15" />
  <time id="8" path="/Non Project/PSP Fundamentals &amp; Advanced/Program 1/Test" start="@1486270974936" delta="9" />
  <time id="9" path="/Non Project/PSP Fundamentals &amp; Advanced/Program 1/Postmortem" start="@1486271615985" delta="4" />
</timeLogEntries>
