<?xml version='1.0' encoding='UTF-8' ?>
<timeLogEntries>
  <time id="10" path="/Non Project/PSP Fundamentals &amp; Advanced/Program 2/Planning" start="@1487362185220" delta="60" interrupt="3" flag="A" />
  <time id="11" path="/Non Project/PSP Fundamentals &amp; Advanced/Program 2/Design" start="@1487366120466" delta="16" flag="A" />
  <time id="12" path="/Non Project/PSP Fundamentals &amp; Advanced/Program 2/Code" start="@1487367101531" delta="4" interrupt="9" flag="A" />
  <time id="13" path="/Non Project/PSP Fundamentals &amp; Advanced/Program 2/Code" start="@1487368384008" delta="44" interrupt="1" flag="A" />
  <time id="14" path="/Non Project/PSP Fundamentals &amp; Advanced/Program 2/Code" start="@1487429432050" delta="32" interrupt="5" flag="A" />
  <time id="15" path="/Non Project/PSP Fundamentals &amp; Advanced/Program 2/Code" start="@1487434816838" delta="7" flag="A" />
  <time id="16" path="/Non Project/PSP Fundamentals &amp; Advanced/Program 2/Compile" start="@1487435259608" delta="5" interrupt="7" flag="A" />
  <time id="17" path="/Non Project/PSP Fundamentals &amp; Advanced/Program 2/Test" start="@1487436038950" delta="20" flag="A" />
  <time id="18" path="/Non Project/PSP Fundamentals &amp; Advanced/Program 2/Postmortem" start="@1487437221057" delta="34" interrupt="9" flag="A" />
  <time id="19" path="/Non Project/PSP Fundamentals &amp; Advanced/Program 2/Postmortem" start="@1487442775482" delta="17" flag="A" />
</timeLogEntries>
